0,-75.60829926
0.005033267,-75.54676819
0.010066533,-75.55200195
0.0150998,-75.54454041
0.020133067,-75.54293823
0.025166333,-75.55603027
0.0301996,-75.53071594
0.035232867,-75.56575775
0.040266133,-75.54724884
0.0452994,-75.55046082
0.050332667,-75.55200195
0.055365933,-75.53548431
0.0603992,-75.55988312
0.065432467,-75.58277893
0.070465733,-75.56770325
0.075499,-75.61180878
0.080532267,-75.57151031
0.085565533,-75.58787537
0.0905988,-75.5371933
0.095632067,-75.50128937
0.100665333,-75.53501892
0.1056986,-75.55406952
0.110731867,-75.56876373
0.115765133,-75.55741119
0.1207984,-75.55979156
0.125831667,-75.55165863
0.130864933,-75.55297852
0.1358982,-75.56873322
0.140931467,-75.56608582
0.145964733,-75.55706787
0.150998,-75.55652618
0.156031267,-75.61183929
0.161064533,-75.55531311
0.1660978,-75.56713104
0.171131067,-75.51857758
0.176164333,-75.56291199
0.1811976,-75.5790329
0.186230867,-75.5688324
0.191264133,-75.55896759
0.1962974,-75.59135437
0.201330667,-75.52932739
0.206363933,-75.55876923
0.2113972,-75.56768036
0.216430467,-75.59785461
0.221463733,-75.54447937
0.226497,-75.53270721
0.231530267,-75.55815125
0.236563533,-75.54298401
0.2415968,-75.52587128
0.246630067,-75.58161926
0.251663333,-75.57492065
0.2566966,-75.59103394
0.261729867,-75.53328705
0.266763133,-75.5598526
0.2717964,-75.59870148
0.276829667,-75.55950928
0.281862933,-75.54295349
0.2868962,-75.55392456
0.291929467,-75.57826996
0.296962733,-75.56525421
0.301996,-75.56616974
0.307029267,-75.55395508
0.312062533,-75.57836151
0.3170958,-75.55353546
0.322129067,-75.5667038
0.327162333,-75.54766846
0.3321956,-75.57201385
0.337228867,-75.53198242
0.342262133,-75.55137634
0.3472954,-75.58203888
0.352328667,-75.57247925
0.357361933,-75.56093597
0.3623952,-75.59296417
0.367428467,-75.5433197
0.372461733,-75.5541153
0.377495,-75.53785706
0.382528267,-75.57962036
0.387561533,-75.58917236
0.3925948,-75.5865097
0.397628067,-75.57181549
0.402661333,-75.56713867
0.4076946,-75.58407593
0.412727867,-75.53652191
0.417761133,-75.52301788
0.4227944,-75.5530014
0.427827667,-75.53057098
0.432860933,-75.5471344
0.4378942,-75.55245209
0.442927467,-75.58188629
0.447960733,-75.56012726
0.452994,-75.57295227
0.458027267,-75.56632996
0.463060533,-75.57666779
0.4680938,-75.56832123
0.473127067,-75.55312347
0.478160333,-75.53305817
0.4831936,-75.58901978
0.488226867,-75.57003784
0.493260133,-75.55475616
0.4982934,-75.55483246
0.503326667,-75.55497742
0.508359933,-75.53204346
0.5133932,-75.52947235
0.518426467,-75.56774139
0.523459733,-75.57162476
0.528493,-75.56841278
0.533526267,-75.55315399
0.538559533,-75.55628204
0.5435928,-75.53166199
0.548626067,-75.52783203
0.553659333,-75.57796478
0.5586926,-75.51998138
0.563725867,-75.5785675
0.568759133,-75.5701828
0.5737924,-75.54338837
0.578825667,-75.5872345
0.583858933,-75.5560379
0.5888922,-75.59671783
0.593925467,-75.58144379
0.598958733,-75.56487274
0.603992,-75.54199982
0.609025267,-75.56030273
0.614058533,-75.52816772
0.6190918,-75.5599823
0.624125067,-75.55994415
0.629158333,-75.55079651
0.6341916,-75.53366089
0.639224867,-75.55232239
0.644258133,-75.55807495
0.6492914,-75.52223206
0.654324667,-75.55887604
0.659357933,-75.54467773
0.6643912,-75.54122162
0.669424467,-75.58625793
0.674457733,-75.55295563
0.679491,-75.54701233
0.684524267,-75.55647278
0.689557533,-75.56860352
0.6945908,-75.55527496
0.699624067,-75.56624603
0.704657333,-75.59358215
0.7096906,-75.54472351
0.714723867,-75.56105804
0.719757133,-75.54295349
0.7247904,-75.53431702
0.729823667,-75.56967163
0.734856933,-75.5442276
0.7398902,-75.54335785
0.744923467,-75.52566528
0.749956733,-75.5825882
0.75499,-75.53282166
0.760023267,-75.55699158
0.765056533,-75.54431152
0.7700898,-75.5771637
0.775123067,-75.55081177
0.780156333,-75.56496429
0.7851896,-75.5568161
0.790222867,-75.55538177
0.795256133,-75.57196808
0.8002894,-75.55877686
0.805322667,-75.54524231
0.810355933,-75.54123688
0.8153892,-75.57228851
0.820422467,-75.55384827
0.825455733,-75.54946899
0.830489,-75.54173279
0.835522267,-75.55210876
0.840555533,-75.5617981
0.8455888,-75.56398773
0.850622067,-75.5714035
0.855655333,-75.57606506
0.8606886,-75.56627655
0.865721867,-75.56879425
0.870755133,-75.57815552
0.8757884,-75.56945038
0.880821667,-75.56510162
0.885854933,-75.55982208
0.8908882,-75.55403137
0.895921467,-75.56838989
0.900954733,-75.55926514
0.905988,-75.54177094
0.911021267,-75.55826569
0.916054533,-75.51667786
0.9210878,-75.56522369
0.926121067,-75.53449249
0.931154333,-75.54444885
0.9361876,-75.54743195
0.941220867,-75.54720306
0.946254133,-75.55281067
0.9512874,-75.55735016
0.956320667,-75.56137848
0.961353933,-75.57778168
0.9663872,-75.56523132
0.971420467,-75.59868622
0.976453733,-75.55521393
0.981487,-75.56448364
0.986520267,-75.59145355
0.991553533,-75.53144836
0.9965868,-75.53694153
1.001620067,-75.53978729
1.006653333,-75.57341766
1.0116866,-75.58538055
1.016719867,-75.56964874
1.021753133,-75.5875473
1.0267864,-75.53606415
1.031819667,-75.5562973
1.036852933,-75.52901459
1.0418862,-75.54220581
1.046919467,-75.53894043
1.051952733,-75.5871582
1.056986,-75.59178162
1.062019267,-75.54388428
1.067052533,-75.52645874
1.0720858,-75.56515503
1.077119067,-75.52828217
1.082152333,-75.55355072
1.0871856,-75.54930878
1.092218867,-75.55489349
1.097252133,-75.54846191
1.1022854,-75.55641937
1.107318667,-75.55089569
1.112351933,-75.55940247
1.1173852,-75.57298279
1.122418467,-75.55963898
1.127451733,-75.52033234
1.132485,-75.53914642
1.137518267,-75.55805206
1.142551533,-75.554039
1.1475848,-75.56908417
1.152618067,-75.48932648
1.157651333,-75.58585358
1.1626846,-75.52878571
1.167717867,-75.58991241
1.172751133,-75.58641815
1.1777844,-75.55879974
1.182817667,-75.52758789
1.187850933,-75.55661011
1.1928842,-75.59179688
1.197917467,-75.55252838
1.202950733,-75.56746674
1.207984,-75.5647583
1.213017267,-75.56555176
1.218050533,-75.5654068
1.2230838,-75.53945923
1.228117067,-75.56731415
1.233150333,-75.53292084
1.2381836,-75.56304169
1.243216867,-75.56373596
1.248250133,-75.56447601
1.2532834,-75.56993866
1.258316667,-75.53074646
1.263349933,-75.53347015
1.2683832,-75.54608154
1.273416467,-75.56221771
1.278449733,-75.57737732
1.283483,-75.51389313
1.288516267,-75.54743958
1.293549533,-75.57821655
1.2985828,-75.54559326
1.303616067,-75.54138184
1.308649333,-75.53042603
1.3136826,-75.53246307
1.318715867,-75.54972076
1.323749133,-75.56305695
1.3287824,-75.56139374
1.333815667,-75.59069824
1.338848933,-75.53176117
1.3438822,-75.56005859
1.348915467,-75.54753113
1.353948733,-75.55157471
1.358982,-75.57312775
1.364015267,-75.52399445
1.369048533,-75.57923889
1.3740818,-75.5486908
1.379115067,-75.5459671
1.384148333,-75.54730225
1.3891816,-75.53432465
1.394214867,-75.55953217
1.399248133,-75.54922485
1.4042814,-75.52788544
1.409314667,-75.56116486
1.414347933,-75.58891296
1.4193812,-75.54946136
1.424414467,-75.55086517
1.429447733,-75.5514679
1.434481,-75.53162384
1.439514267,-75.56328583
1.444547533,-75.56784058
1.4495808,-75.51195526
1.454614067,-75.58390808
1.459647333,-75.5476532
1.4646806,-75.55217743
1.469713867,-75.55626678
1.474747133,-75.55522919
1.4797804,-75.59986115
1.484813667,-75.53840637
1.489846933,-75.53045654
1.4948802,-75.54561615
1.499913467,-75.53090668
1.504946733,-75.56912994
1.50998,-75.51864624
1.515013267,-75.56693268
1.520046533,-75.5281601
1.5250798,-75.54788208
1.530113067,-75.54036713
1.535146333,-75.53970337
1.5401796,-75.55541992
1.545212867,-75.55899811
1.550246133,-75.55497742
1.5552794,-75.5423584
1.560312667,-75.5499115
1.565345933,-75.5588913
1.5703792,-75.53313446
1.575412467,-75.53180695
1.580445733,-75.58491516
1.585479,-75.54657745
1.590512267,-75.53162384
1.595545533,-75.5519104
1.6005788,-75.56572723
1.605612067,-75.56742859
1.610645333,-75.58045197
1.6156786,-75.60934448
1.620711867,-75.56417847
1.625745133,-75.58132172
1.6307784,-75.57962036
1.635811667,-75.55456543
1.640844933,-75.55687714
1.6458782,-75.55994415
1.650911467,-75.58266449
1.655944733,-75.55544281
1.660978,-75.55979156
1.666011267,-75.55696869
1.671044533,-75.5923233
1.6760778,-75.55397797
1.681111067,-75.55245972
1.686144333,-75.56521606
1.6911776,-75.54988098
1.696210867,-75.57498169
1.701244133,-75.56190491
1.7062774,-75.56406403
1.711310667,-75.55371094
1.716343933,-75.5513916
1.7213772,-75.54471588
1.726410467,-75.53390503
1.731443733,-75.55952454
1.736477,-75.53065491
1.741510267,-75.56750488
1.746543533,-75.57500458
1.7515768,-75.59703064
1.756610067,-75.53174591
1.761643333,-75.5850296
1.7666766,-75.55755615
1.771709867,-75.55088043
1.776743133,-75.55645752
1.7817764,-75.55037689
1.786809667,-75.56822205
1.791842933,-75.54624176
1.7968762,-75.55673218
1.801909467,-75.55948639
1.806942733,-75.52428436
1.811976,-75.55063629
1.817009267,-75.54534149
1.822042533,-75.54595184
1.8270758,-75.58364868
1.832109067,-75.52944183
1.837142333,-75.54027557
1.8421756,-75.57001495
1.847208867,-75.58150482
1.852242133,-75.53274536
1.8572754,-75.59519196
1.862308667,-75.58116913
1.867341933,-75.56588745
1.8723752,-75.57942963
1.877408467,-75.56663513
1.882441733,-75.59773254
1.887475,-75.57504272
1.892508267,-75.5983429
1.897541533,-75.52542877
1.9025748,-75.59149933
1.907608067,-75.53993988
1.912641333,-75.58551025
1.9176746,-75.5294342
1.922707867,-75.54055786
1.927741133,-75.55660248
1.9327744,-75.55187988
1.937807667,-75.53184509
1.942840933,-75.59165955
1.9478742,-75.54520416
1.952907467,-75.55205536
1.957940733,-75.53407288
1.962974,-75.52863312
1.968007267,-75.5305481
1.973040533,-75.55812073
1.9780738,-75.55003357
1.983107067,-75.56031036
1.988140333,-75.58802032
1.9931736,-75.54763794
1.998206867,-75.53964996
2.003240133,-75.54276276
2.0082734,-75.58560944
2.013306667,-75.54394531
2.018339933,-75.56276703
2.0233732,-75.5565567
2.028406467,-75.54730988
2.033439733,-75.54225159
2.038473,-75.57186127
2.043506267,-75.56072235
2.048539533,-75.55997467
2.0535728,-75.56280518
2.058606067,-75.5609436
2.063639333,-75.54453278
2.0686726,-75.55314636
2.073705867,-75.55007935
2.078739133,-75.5192337
2.0837724,-75.54624939
2.088805667,-75.533638
2.093838933,-75.52901459
2.0988722,-75.54445648
2.103905467,-75.54097748
2.108938733,-75.58502197
2.113972,-75.55661011
2.119005267,-75.58579254
2.124038533,-75.5575943
2.1290718,-75.54083252
2.134105067,-75.54938507
2.139138333,-75.56275177
2.1441716,-75.58545685
2.149204867,-75.53907013
2.154238133,-75.52954102
2.1592714,-75.56977844
2.164304667,-75.57684326
2.169337933,-75.54549408
2.1743712,-75.55827332
2.179404467,-75.56928253
2.184437733,-75.58854675
2.189471,-75.54489136
2.194504267,-75.59728241
2.199537533,-75.5615387
2.2045708,-75.55441284
2.209604067,-75.53375244
2.214637333,-75.5603714
2.2196706,-75.54824829
2.224703867,-75.55690002
2.229737133,-75.53536224
2.2347704,-75.53437042
2.239803667,-75.55912781
2.244836933,-75.54759979
2.2498702,-75.56243896
2.254903467,-75.55075836
2.259936733,-75.60295105
2.26497,-75.5682373
2.270003267,-75.54151917
2.275036533,-75.5916748
2.2800698,-75.56645966
2.285103067,-75.56147766
2.290136333,-75.55973053
2.2951696,-75.54159546
2.300202867,-75.52267456
2.305236133,-75.56958771
2.3102694,-75.56092072
2.315302667,-75.58880615
2.320335933,-75.54557037
2.3253692,-75.50685883
2.330402467,-75.54579926
2.335435733,-75.52572632
2.340469,-75.54872894
2.345502267,-75.58698273
2.350535533,-75.51342773
2.3555688,-75.55607605
2.360602067,-75.57862854
2.365635333,-75.54766846
2.3706686,-75.53913879
2.375701867,-75.53788757
2.380735133,-75.54358673
2.3857684,-75.54543304
2.390801667,-75.53343964
2.395834933,-75.52767181
2.4008682,-75.5318985
2.405901467,-75.53721619
2.410934733,-75.56204224
2.415968,-75.57331085
2.421001267,-75.58007813
2.426034533,-75.56327057
2.4310678,-75.52827454
2.436101067,-75.55869293
2.441134333,-75.52590942
2.4461676,-75.59379578
2.451200867,-75.54400635
2.456234133,-75.54150391
2.4612674,-75.52780151
2.466300667,-75.5477066
2.471333933,-75.56148529
2.4763672,-75.55163574
2.481400467,-75.56747437
2.486433733,-75.56452942
2.491467,-75.56082916
2.496500267,-75.52440643
2.501533533,-75.52413177
2.5065668,-75.59371948
2.511600067,-75.57764435
2.516633333,-75.54104614
2.5216666,-75.57216644
2.526699867,-75.54060364
2.531733133,-75.55552673
2.5367664,-75.51559448
2.541799667,-75.58306885
2.546832933,-75.55880737
2.5518662,-75.52791595
2.556899467,-75.5437851
2.561932733,-75.53205109
2.566966,-75.55350494
2.571999267,-75.55210876
2.577032533,-75.54337311
2.5820658,-75.58976746
2.587099067,-75.56880951
2.592132333,-75.59354401
2.5971656,-75.53865814
2.602198867,-75.53662109
2.607232133,-75.54956055
2.6122654,-75.59494019
2.617298667,-75.53334808
2.622331933,-75.54404449
2.6273652,-75.55982971
2.632398467,-75.57525635
2.637431733,-75.55110931
2.642465,-75.50787354
2.647498267,-75.54678345
2.652531533,-75.56684875
2.6575648,-75.55321503
2.662598067,-75.5747757
2.667631333,-75.55384064
2.6726646,-75.55918884
2.677697867,-75.55815125
2.682731133,-75.54994965
2.6877644,-75.54740143
2.692797667,-75.56352997
2.697830933,-75.58848572
2.7028642,-75.53202057
2.707897467,-75.59070587
2.712930733,-75.55916595
2.717964,-75.5743103
2.722997267,-75.49678802
2.728030533,-75.51599121
2.7330638,-75.56796265
2.738097067,-75.58120728
2.743130333,-75.55447388
2.7481636,-75.57371521
2.753196867,-75.56156921
2.758230133,-75.56565094
2.7632634,-75.55278778
2.768296667,-75.60202026
2.773329933,-75.59319305
2.7783632,-75.54781342
2.783396467,-75.54462433
2.788429733,-75.52211761
2.793463,-75.5105896
2.798496267,-75.57365417
2.803529533,-75.53855896
2.8085628,-75.56163025
2.813596067,-75.54699707
2.818629333,-75.57478333
2.8236626,-75.56141663
2.828695867,-75.53534698
2.833729133,-75.55473328
2.8387624,-75.53379059
2.843795667,-75.56587219
2.848828933,-75.56240845
2.8538622,-75.55589294
2.858895467,-75.58153534
2.863928733,-75.51218414
2.868962,-75.54554749
2.873995267,-75.54373169
2.879028533,-75.54116821
2.8840618,-75.53727722
2.889095067,-75.56291962
2.894128333,-75.58385468
2.8991616,-75.54904175
2.904194867,-75.56671906
2.909228133,-75.56768799
2.9142614,-75.53921509
2.919294667,-75.56832886
2.924327933,-75.55874634
2.9293612,-75.53140259
2.934394467,-75.56267548
2.939427733,-75.54501343
2.944461,-75.55579376
2.949494267,-75.54906464
2.954527533,-75.57083893
2.9595608,-75.53937531
2.964594067,-75.52484131
2.969627333,-75.55392456
2.9746606,-75.57277679
2.979693867,-75.56255341
2.984727133,-75.5890274
2.9897604,-75.58065033
2.994793667,-75.52688599
2.999826933,-75.56308746
3.0048602,-75.54678345
3.009893467,-75.54423523
3.014926733,-75.54748535
3.01996,-75.57952118
3.024993267,-75.5710144
3.030026533,-75.49823761
3.0350598,-75.57505798
3.040093067,-75.59237671
3.045126333,-75.53305817
3.0501596,-75.53835297
3.055192867,-75.57202911
3.060226133,-75.58581543
3.0652594,-75.56690216
3.070292667,-75.51626587
3.075325933,-75.58407593
3.0803592,-75.53483582
3.085392467,-75.55867767
3.090425733,-75.54059601
3.095459,-75.53578186
3.100492267,-75.56272888
3.105525533,-75.56895447
3.1105588,-75.55955505
3.115592067,-75.55039215
3.120625333,-75.55005646
3.1256586,-75.56550598
3.130691867,-75.54421234
3.135725133,-75.56773376
3.1407584,-75.57694244
3.145791667,-75.55992126
3.150824933,-75.53247833
3.1558582,-75.56653595
3.160891467,-75.54895782
3.165924733,-75.57557678
3.170958,-75.55496979
3.175991267,-75.56917572
3.181024533,-75.56260681
3.1860578,-75.54231262
3.191091067,-75.55163574
3.196124333,-75.53653717
3.2011576,-75.53475189
3.206190867,-75.51693726
3.211224133,-75.55728912
3.2162574,-75.5803299
3.221290667,-75.59158325
3.226323933,-75.54191589
3.2313572,-75.51083374
3.236390467,-75.53760529
3.241423733,-75.54238892
3.246457,-75.5877533
3.251490267,-75.55252838
3.256523533,-75.56907654
3.2615568,-75.53304291
3.266590067,-75.59386444
3.271623333,-75.56509399
3.2766566,-75.53488159
3.281689867,-75.53029633
3.286723133,-75.55047607
3.2917564,-75.52915192
3.296789667,-75.56307983
3.301822933,-75.5591507
3.3068562,-75.52455902
3.311889467,-75.55266571
3.316922733,-75.53429413
3.321956,-75.5749054
3.326989267,-75.58010101
3.332022533,-75.55113983
3.3370558,-75.58823395
3.342089067,-75.58092499
3.347122333,-75.53205109
3.3521556,-75.57398224
3.357188867,-75.60332489
3.362222133,-75.55155182
3.3672554,-75.58044434
3.372288667,-75.54872894
3.377321933,-75.56017303
3.3823552,-75.55661011
3.387388467,-75.5458374
3.392421733,-75.57125092
3.397455,-75.54714203
3.402488267,-75.59529877
3.407521533,-75.59429932
3.4125548,-75.55480957
3.417588067,-75.51311493
3.422621333,-75.56476593
3.4276546,-75.57663727
3.432687867,-75.58255768
3.437721133,-75.55503082
3.4427544,-75.57752228
3.447787667,-75.54703522
3.452820933,-75.55390167
3.4578542,-75.55636597
3.462887467,-75.54686737
3.467920733,-75.521492
3.472954,-75.54787445
3.477987267,-75.54322815
3.483020533,-75.5379715
3.4880538,-75.55203247
3.493087067,-75.52867889
3.498120333,-75.58522034
3.5031536,-75.5413208
3.508186867,-75.56908417
3.513220133,-75.56381226
3.5182534,-75.55652618
3.523286667,-75.57607269
3.528319933,-75.58805847
3.5333532,-75.55575562
3.538386467,-75.57109833
3.543419733,-75.5873642
3.548453,-75.5160675
3.553486267,-75.54088593
3.558519533,-75.55981445
3.5635528,-75.52116394
3.568586067,-75.57974243
3.573619333,-75.53649902
3.5786526,-75.51296234
3.583685867,-75.55040741
3.588719133,-75.54403687
3.5937524,-75.5246048
3.598785667,-75.56510162
3.603818933,-75.58683777
3.6088522,-75.54633331
3.613885467,-75.59306335
3.618918733,-75.58108521
3.623952,-75.55297852
3.628985267,-75.56513977
3.634018533,-75.53440857
3.6390518,-75.54098511
3.644085067,-75.57242584
3.649118333,-75.56462097
3.6541516,-75.52271271
3.659184867,-75.54573822
3.664218133,-75.53413391
3.6692514,-75.56912231
3.674284667,-75.54792786
3.679317933,-75.54267883
3.6843512,-75.54177856
3.689384467,-75.57894135
3.694417733,-75.5442276
3.699451,-75.55110168
3.704484267,-75.55765533
3.709517533,-75.5760498
3.7145508,-75.55974579
3.719584067,-75.5591507
3.724617333,-75.58126831
3.7296506,-75.55033112
3.734683867,-75.54881287
3.739717133,-75.53090668
3.7447504,-75.56826782
3.749783667,-75.55252838
3.754816933,-75.55603027
3.7598502,-75.56013489
3.764883467,-75.58646393
3.769916733,-75.5405426
3.77495,-75.5255127
3.779983267,-75.54675293
3.785016533,-75.5579071
3.7900498,-75.53382111
3.795083067,-75.57149506
3.800116333,-75.55932617
3.8051496,-75.55114746
3.810182867,-75.56119537
3.815216133,-75.55124664
3.8202494,-75.55347443
3.825282667,-75.56904602
3.830315933,-75.58040619
3.8353492,-75.55056763
3.840382467,-75.52909088
3.845415733,-75.55187225
3.850449,-75.57489777
3.855482267,-75.5241394
3.860515533,-75.5606842
3.8655488,-75.55363464
3.870582067,-75.55239868
3.875615333,-75.53837585
3.8806486,-75.55326843
3.885681867,-75.56885529
3.890715133,-75.53501129
3.8957484,-75.54285431
3.900781667,-75.55387115
3.905814933,-75.59693146
3.9108482,-75.53541565
3.915881467,-75.53734589
3.920914733,-75.527771
3.925948,-75.52755737
3.930981267,-75.57276154
3.936014533,-75.54405212
3.9410478,-75.60175323
3.946081067,-75.56797791
3.951114333,-75.5753479
3.9561476,-75.5585022
3.961180867,-75.55910492
3.966214133,-75.54078674
3.9712474,-75.56015778
3.976280667,-75.52689362
3.981313933,-75.5626297
3.9863472,-75.53289795
3.991380467,-75.54499054
3.996413733,-75.53939056
4.001447,-75.5581131
4.006480267,-75.55793762
4.011513533,-75.54734802
4.0165468,-75.57992554
4.021580067,-75.57159424
4.026613333,-75.53940582
4.0316466,-75.5597229
4.036679867,-75.56000519
4.041713133,-75.57898712
4.0467464,-75.55532074
4.051779667,-75.538414
4.056812933,-75.54911804
4.0618462,-75.5404129
4.066879467,-75.55037689
4.071912733,-75.51770782
4.076946,-75.5585556
4.081979267,-75.56711578
4.087012533,-75.57362366
4.0920458,-75.54032898
4.097079067,-75.57243347
4.102112333,-75.55495453
4.1071456,-75.54418182
4.112178867,-75.56171417
4.117212133,-75.57194519
4.1222454,-75.55735016
4.127278667,-75.57855988
4.132311933,-75.54769897
4.1373452,-75.56596375
4.142378467,-75.57259369
4.147411733,-75.58524323
4.152445,-75.57428741
4.157478267,-75.57609558
4.162511533,-75.53598022
4.1675448,-75.56555176
4.172578067,-75.54986572
4.177611333,-75.57576752
4.1826446,-75.56269073
4.187677867,-75.54595184
4.192711133,-75.59015656
4.1977444,-75.56848145
4.202777667,-75.53570557
4.207810933,-75.566185
4.2128442,-75.57143402
4.217877467,-75.57093048
4.222910733,-75.56681061
4.227944,-75.52993011
4.232977267,-75.5552597
4.238010533,-75.54984283
4.2430438,-75.54970551
4.248077067,-75.59011841
4.253110333,-75.54620361
4.2581436,-75.54155731
4.263176867,-75.54774475
4.268210133,-75.57978058
4.2732434,-75.56223297
4.278276667,-75.587677
4.283309933,-75.53987122
4.2883432,-75.52288818
4.293376467,-75.56285095
4.298409733,-75.58956909
4.303443,-75.59547424
4.308476267,-75.54447937
4.313509533,-75.5528717
4.3185428,-75.57685852
4.323576067,-75.5514679
4.328609333,-75.59157562
4.3336426,-75.57687378
4.338675867,-75.56850433
4.343709133,-75.53852081
4.3487424,-75.57017517
4.353775667,-75.56289673
4.358808933,-75.59972382
4.3638422,-75.53481293
4.368875467,-75.53712463
4.373908733,-75.555336
4.378942,-75.52464294
4.383975267,-75.56446838
4.389008533,-75.57540894
4.3940418,-75.56710815
4.399075067,-75.59078979
4.404108333,-75.56343079
4.4091416,-75.5478363
4.414174867,-75.5389328
4.419208133,-75.5268631
4.4242414,-75.53792572
4.429274667,-75.56393433
4.434307933,-75.55771637
4.4393412,-75.56584167
4.444374467,-75.51580048
4.449407733,-75.58234406
4.454441,-75.57172394
4.459474267,-75.56613159
4.464507533,-75.55719757
4.4695408,-75.56304169
4.474574067,-75.60869598
4.479607333,-75.53925323
4.4846406,-75.56263733
4.489673867,-75.5590744
4.494707133,-75.5162735
4.4997404,-75.52510071
4.504773667,-75.56060028
4.509806933,-75.52527618
4.5148402,-75.57311249
4.519873467,-75.56658173
4.524906733,-75.54528046
4.52994,-75.59944916
4.534973267,-75.52908325
4.540006533,-75.5332489
4.5450398,-75.56539917
4.550073067,-75.58222961
4.555106333,-75.5276947
4.5601396,-75.55397034
4.565172867,-75.56549072
4.570206133,-75.57180786
4.5752394,-75.58262634
4.580272667,-75.55992889
4.585305933,-75.52986145
4.5903392,-75.57996368
4.595372467,-75.57510376
4.600405733,-75.55825806
4.605439,-75.55429077
4.610472267,-75.52618408
4.615505533,-75.55361938
4.6205388,-75.55506897
4.625572067,-75.56954956
4.630605333,-75.53150177
4.6356386,-75.53920746
4.640671867,-75.55747223
4.645705133,-75.53614807
4.6507384,-75.51704407
4.655771667,-75.55649567
4.660804933,-75.55467987
4.6658382,-75.54363251
4.670871467,-75.55493927
4.675904733,-75.56105042
4.680938,-75.56098175
4.685971267,-75.56419373
4.691004533,-75.57906342
4.6960378,-75.5449295
4.701071067,-75.56964111
4.706104333,-75.60574341
4.7111376,-75.56201935
4.716170867,-75.54572296
4.721204133,-75.53474426
4.7262374,-75.57468414
4.731270667,-75.5689621
4.736303933,-75.54589844
4.7413372,-75.55190277
4.746370467,-75.56542969
4.751403733,-75.52386475
4.756437,-75.54884338
4.761470267,-75.53566742
4.766503533,-75.54832458
4.7715368,-75.52471924
4.776570067,-75.537323
4.781603333,-75.56397247
4.7866366,-75.51933289
4.791669867,-75.52462006
4.796703133,-75.52700806
4.8017364,-75.55545807
4.806769667,-75.55670929
4.811802933,-75.54383087
4.8168362,-75.55448151
4.821869467,-75.53968811
4.826902733,-75.52574158
4.831936,-75.55133057
4.836969267,-75.55384827
4.842002533,-75.56231689
4.8470358,-75.52345276
4.852069067,-75.54927826
4.857102333,-75.56491852
4.8621356,-75.57517242
4.867168867,-75.54618835
4.872202133,-75.52251434
4.8772354,-75.57411194
4.882268667,-75.57388306
4.887301933,-75.53373718
4.8923352,-75.55147552
4.897368467,-75.54447937
4.902401733,-75.57250977
4.907435,-75.54246521
4.912468267,-75.55031586
4.917501533,-75.55232239
4.9225348,-75.57528687
4.927568067,-75.50144196
4.932601333,-75.55332947
4.9376346,-75.56771851
4.942667867,-75.55718231
4.947701133,-75.55358124
4.9527344,-75.54463196
4.957767667,-75.56243896
4.962800933,-75.61232758
4.9678342,-75.58307648
4.972867467,-75.55163574
4.977900733,-75.54263306
4.982934,-75.57182312
4.987967267,-75.5326004
4.993000533,-75.5500412
4.9980338,-75.5437851
5.003067067,-75.54545593
5.008100333,-75.55512238
5.0131336,-75.5769577
5.018166867,-75.59568024
5.023200133,-75.55092621
5.0282334,-75.55895233
5.033266667,-75.56816864
