Freq(Hz),Average Gain (dB)
10000000,-0.048926946
51658333.33,-0.131995703
93316666.67,-0.179612923
134975000,-0.22195129
176633333.3,-0.252137943
218291666.7,-0.274487067
259950000,-0.30618612
301608333.3,-0.328647367
343266666.7,-0.358183053
384925000,-0.377100897
426583333.3,-0.39743802
468241666.7,-0.416581043
509900000,-0.437661873
551558333.3,-0.456862737
593216666.7,-0.470231213
634875000,-0.49071113
676533333.3,-0.500462853
718191666.7,-0.519112557
759850000,-0.533475677
801508333.3,-0.54628237
843166666.7,-0.561377823
884825000,-0.576004107
926483333.3,-0.589774647
968141666.7,-0.605872133
1009800000,-0.61533888
1051458333,-0.63064162
1093116667,-0.640043617
1134775000,-0.653979917
1176433333,-0.66397081
1218091667,-0.677371717
1259750000,-0.691615503
1301408333,-0.701188487
1343066667,-0.71257808
1384725000,-0.72472624
1426383333,-0.73534451
1468041667,-0.74583421
1509700000,-0.759240547
1551358333,-0.770849367
1593016667,-0.78062302
1634675000,-0.790447553
1676333333,-0.80162078
1717991667,-0.810953797
1759650000,-0.82292072
1801308333,-0.831968087
1842966667,-0.83880804
1884625000,-0.84708649
1926283333,-0.855905753
1967941667,-0.86493196
2009600000,-0.869068443
2051258333,-0.877116477
2092916667,-0.88874024
2134575000,-0.896955787
2176233333,-0.908034843
2217891667,-0.917642097
2259550000,-0.92277215
2301208333,-0.93419971
2342866667,-0.944393097
2384525000,-0.957044007
2426183333,-0.958065367
2467841667,-0.9699501
2509500000,-0.978762307
2551158333,-0.984251477
2592816667,-0.99657638
2634475000,-1.004136727
2676133333,-1.011927387
2717791667,-1.01776411
2759450000,-1.031334973
2801108333,-1.036850633
2842766667,-1.03964097
2884425000,-1.0510254
2926083333,-1.057065233
2967741667,-1.065399133
3009400000,-1.074096333
3051058333,-1.085788667
3092716667,-1.094667267
3134375000,-1.098280167
3176033333,-1.104319
3217691667,-1.1116939
3259350000,-1.117559633
3301008333,-1.128605467
3342666667,-1.1337597
3384325000,-1.141895067
3425983333,-1.150592267
3467641667,-1.1561168
3509300000,-1.160134933
3550958333,-1.1728001
3592616667,-1.1789916
3634275000,-1.182423567
3675933333,-1.190643633
3717591667,-1.1963145
3759250000,-1.205884733
3800908333,-1.211902067
3842566667,-1.217573333
3884225000,-1.222215633
3925883333,-1.231875
3967541667,-1.2396797
4009200000,-1.239513333
4050858333,-1.250378
4092516667,-1.255034567
4134175000,-1.258073233
4175833333,-1.2640518
4217491667,-1.281153167
4259150000,-1.2822334
4300808333,-1.283807
4342466667,-1.2913162
4384125000,-1.2986579
4425783333,-1.303039567
4467441667,-1.309640867
4509100000,-1.3266583
4550758333,-1.321539033
4592416667,-1.3313809
4634075000,-1.3390966
4675733333,-1.343335933
4717391667,-1.3457374
4759050000,-1.351622467
4800708333,-1.3636513
4842366667,-1.362724567
4884025000,-1.375989533
4925683333,-1.380040933
4967341667,-1.382814667
5009000000,-1.388834833
5050658333,-1.397546267
5092316667,-1.406308133
5133975000,-1.407370233
5175633333,-1.411459833
5217291667,-1.418959267
5258950000,-1.427173633
5300608333,-1.431809933
5342266667,-1.443595933
5383925000,-1.451715233
5425583333,-1.459034767
5467241667,-1.4591056
5508900000,-1.4675121
5550558333,-1.470509833
5592216667,-1.477638867
5633875000,-1.481611733
5675533333,-1.4956877
5717191667,-1.5024044
5758850000,-1.5005727
5800508333,-1.5088351
5842166667,-1.510532
5883825000,-1.5189377
5925483333,-1.5217328
5967141667,-1.5331844
6008800000,-1.531879567
6050458333,-1.549222133
6092116667,-1.562127
6133775000,-1.555735433
6175433333,-1.5569068
6217091667,-1.5659657
6258750000,-1.5803306
6300408333,-1.570004733
6342066667,-1.586983233
6383725000,-1.5872556
6425383333,-1.5856258
6467041667,-1.595043867
6508700000,-1.6011054
6550358333,-1.6086114
6592016667,-1.606273467
6633675000,-1.6158069
6675333333,-1.617265467
6716991667,-1.6212805
6758650000,-1.625687667
6800308333,-1.632085167
6841966667,-1.637991333
6883625000,-1.645557333
6925283333,-1.6514146
6966941667,-1.654230067
7008600000,-1.657939967
7050258333,-1.662064
7091916667,-1.669159933
7133575000,-1.671821833
7175233333,-1.6809426
7216891667,-1.6917496
7258550000,-1.700511367
7300208333,-1.6927456
7341866667,-1.699392567
7383525000,-1.704190533
7425183333,-1.7174408
7466841667,-1.7143821
7508500000,-1.729255467
7550158333,-1.735122967
7591816667,-1.729216067
7633475000,-1.742487467
7675133333,-1.7434021
7716791667,-1.754170033
7758450000,-1.747929067
7800108333,-1.766430467
7841766667,-1.762002733
7883425000,-1.7651251
7925083333,-1.772556133
7966741667,-1.771301933
8008400000,-1.773427633
8050058333,-1.778796333
8091716667,-1.7951235
8133375000,-1.7861648
8175033333,-1.791066767
8216691667,-1.794064667
8258350000,-1.795572633
8300008333,-1.7992736
8341666667,-1.800472133
8383325000,-1.8098016
8424983333,-1.810029967
8466641667,-1.814906233
8508300000,-1.8178334
8549958333,-1.819970533
8591616667,-1.8266196
8633275000,-1.830726233
8674933333,-1.835469267
8716591667,-1.8426675
8758250000,-1.8499665
8799908333,-1.861244267
8841566667,-1.8618711
8883225000,-1.863969967
8924883333,-1.868600133
8966541667,-1.880395567
9008200000,-1.8801068
9049858333,-1.882142133
9091516667,-1.899911433
9133175000,-1.8981526
9174833333,-1.898660467
9216491667,-1.905640233
9258150000,-1.920845833
9299808333,-1.916269733
9341466667,-1.918747167
9383125000,-1.9288115
9424783333,-1.928941633
9466441667,-1.9341855
9508100000,-1.945258133
9549758333,-1.956816267
9591416667,-1.947190333
9633075000,-1.953516433
9674733333,-1.958965267
9716391667,-1.964729333
9758050000,-1.968251933
9799708333,-1.96791
9841366667,-1.973507867
9883025000,-1.9771619
9924683333,-1.990541067
9966341667,-1.986550933
10008000000,-1.990311833
10049658333,-1.991787233
10091316667,-2.0034059
10132975000,-2.0040614
10174633333,-2.007890967
10216291667,-2.0158714
10257950000,-2.0185727
10299608333,-2.025760533
10341266667,-2.020493467
10382925000,-2.032731967
10424583333,-2.0366335
10466241667,-2.040413233
10507900000,-2.039938333
10549558333,-2.049483967
10591216667,-2.047597067
10632875000,-2.056856267
10674533333,-2.064999033
10716191667,-2.0652439
10757850000,-2.0682223
10799508333,-2.072711133
10841166667,-2.0876024
10882825000,-2.079149567
10924483333,-2.088507933
10966141667,-2.088302533
11007800000,-2.097309667
11049458333,-2.0981588
11091116667,-2.105175067
11132775000,-2.110421967
11174433333,-2.1106253
11216091667,-2.118898467
11257750000,-2.117240267
11299408333,-2.1225229
11341066667,-2.124943367
11382725000,-2.137196967
11424383333,-2.132217
11466041667,-2.140172767
11507700000,-2.143732233
11549358333,-2.149689667
11591016667,-2.152089933
11632675000,-2.153244833
11674333333,-2.161515
11715991667,-2.160560933
11757650000,-2.171001767
11799308333,-2.1721495
11840966667,-2.183491333
11882625000,-2.186216667
11924283333,-2.1850494
11965941667,-2.189812433
12007600000,-2.1908655
12049258333,-2.198579933
12090916667,-2.193955333
12132575000,-2.207964167
12174233333,-2.202374067
12215891667,-2.210060933
12257550000,-2.218803
12299208333,-2.217425833
12340866667,-2.2229608
12382525000,-2.2216274
12424183333,-2.2353212
12465841667,-2.228513467
12507500000,-2.241329733
12549158333,-2.241394767
12590816667,-2.241891333
12632475000,-2.2425383
12674133333,-2.248194033
12715791667,-2.258244533
12757450000,-2.251591133
12799108333,-2.257523467
12840766667,-2.2615397
12882425000,-2.270909633
12924083333,-2.2663277
12965741667,-2.271420733
13007400000,-2.2749691
13049058333,-2.2855092
13090716667,-2.285388067
13132375000,-2.2849183
13174033333,-2.290890833
13215691667,-2.292901933
13257350000,-2.300811233
13299008333,-2.302153567
13340666667,-2.309249967
13382325000,-2.3087926
13423983333,-2.319179667
13465641667,-2.311901867
13507300000,-2.321510067
13548958333,-2.3214334
13590616667,-2.332924033
13632275000,-2.3389522
13673933333,-2.341270033
13715591667,-2.348945367
13757250000,-2.342138033
13798908333,-2.355835433
13840566667,-2.346789233
13882225000,-2.359497867
13923883333,-2.354209367
13965541667,-2.377716233
14007200000,-2.372755833
14048858333,-2.369394433
14090516667,-2.383671967
14132175000,-2.375173667
14173833333,-2.3887777
14215491667,-2.381422133
14257150000,-2.404981133
14298808333,-2.3943928
14340466667,-2.3952934
14382125000,-2.400401133
14423783333,-2.399135733
14465441667,-2.408144933
14507100000,-2.4072357
14548758333,-2.422414
14590416667,-2.417566
14632075000,-2.424288433
14673733333,-2.425133167
14715391667,-2.4289577
14757050000,-2.436366567
14798708333,-2.4342793
14840366667,-2.4421324
14882025000,-2.4441661
14923683333,-2.446017267
14965341667,-2.451217967
15007000000,-2.451648067
15048658333,-2.456882867
15090316667,-2.4583602
15131975000,-2.461919067
15173633333,-2.465071433
15215291667,-2.472405267
15256950000,-2.4772672
15298608333,-2.475393633
15340266667,-2.482891967
15381925000,-2.4872098
15423583333,-2.4926469
15465241667,-2.492884033
15506900000,-2.497866933
15548558333,-2.505983567
15590216667,-2.502698467
15631875000,-2.5046184
15673533333,-2.512069
15715191667,-2.518473633
15756850000,-2.520283867
15798508333,-2.515750167
15840166667,-2.522564
15881825000,-2.523104033
15923483333,-2.528129967
15965141667,-2.530515267
16006800000,-2.534928167
16048458333,-2.538648367
16090116667,-2.54219
16131775000,-2.546239767
16173433333,-2.552814633
16215091667,-2.558752967
16256750000,-2.560891933
16298408333,-2.5633123
16340066667,-2.5665845
16381725000,-2.5718929
16423383333,-2.580632033
16465041667,-2.581117967
16506700000,-2.5830865
16548358333,-2.589017167
16590016667,-2.587696333
16631675000,-2.596851967
16673333333,-2.596925267
16714991667,-2.605179567
16756650000,-2.603855533
16798308333,-2.612168067
16839966667,-2.6148079
16881625000,-2.614961133
16923283333,-2.621773
16964941667,-2.620054067
17006600000,-2.630260533
17048258333,-2.623013267
17089916667,-2.637574033
17131575000,-2.637424867
17173233333,-2.6377759
17214891667,-2.639751067
17256550000,-2.643347367
17298208333,-2.656709667
17339866667,-2.651813433
17381525000,-2.655036633
17423183333,-2.649703167
17464841667,-2.6625477
17506500000,-2.663130567
17548158333,-2.664088333
17589816667,-2.6655786
17631475000,-2.669030967
17673133333,-2.678355067
17714791667,-2.676745867
17756450000,-2.6788245
17798108333,-2.680280767
17839766667,-2.687865867
17881425000,-2.6848434
17923083333,-2.688342067
17964741667,-2.6868469
18006400000,-2.699287967
18048058333,-2.6988805
18089716667,-2.704685933
18131375000,-2.705883567
18173033333,-2.7085895
18214691667,-2.7135036
18256350000,-2.714306933
18298008333,-2.732686533
18339666667,-2.719756267
18381325000,-2.7318669
18422983333,-2.732903867
18464641667,-2.737216767
18506300000,-2.7415134
18547958333,-2.739957267
18589616667,-2.745319233
18631275000,-2.7442896
18672933333,-2.760241833
18714591667,-2.749019633
18756250000,-2.776579933
18797908333,-2.762454167
18839566667,-2.772794167
18881225000,-2.778269533
18922883333,-2.771392133
18964541667,-2.788971367
19006200000,-2.778764567
19047858333,-2.791755767
19089516667,-2.787954967
19131175000,-2.791761667
19172833333,-2.796736333
19214491667,-2.800081667
19256150000,-2.809219367
19297808333,-2.8025507
19339466667,-2.820479067
19381125000,-2.8150974
19422783333,-2.8211016
19464441667,-2.825402167
19506100000,-2.8208531
19547758333,-2.8283279
19589416667,-2.832642433
19631075000,-2.846185367
19672733333,-2.838706467
19714391667,-2.838434533
19756050000,-2.839822133
19797708333,-2.849279333
19839366667,-2.853996333
19881025000,-2.857167533
19922683333,-2.8674333
19964341667,-2.8613703
20006000000,-2.865345033
20047658333,-2.863011833
20089316667,-2.869278867
20130975000,-2.8725527
20172633333,-2.880575567
20214291667,-2.886033433
20255950000,-2.888322933
20297608333,-2.888970533
20339266667,-2.8867786
20380925000,-2.886198367
20422583333,-2.908633467
20464241667,-2.910116333
20505900000,-2.9083373
20547558333,-2.914615667
20589216667,-2.909435433
20630875000,-2.930863467
20672533333,-2.923270867
20714191667,-2.926211367
20755850000,-2.930878767
20797508333,-2.940184767
20839166667,-2.946579533
20880825000,-2.933920133
20922483333,-2.9478963
20964141667,-2.9373257
21005800000,-2.956200933
21047458333,-2.9443651
21089116667,-2.967026633
21130775000,-2.9767697
21172433333,-2.958803567
21214091667,-2.971940267
21255750000,-2.957874867
21297408333,-2.9783435
21339066667,-2.9653208
21380725000,-2.993955467
21422383333,-2.9817036
21464041667,-2.986651167
21505700000,-2.9945927
21547358333,-2.986924167
21589016667,-2.9988347
21630675000,-2.994054333
21672333333,-3.024235467
21713991667,-2.9978359
21755650000,-3.012814067
21797308333,-3.007590533
21838966667,-3.013033
21880625000,-3.0134452
21922283333,-3.019995767
21963941667,-3.031228933
22005600000,-3.018586633
22047258333,-3.0334536
22088916667,-3.0204974
22130575000,-3.0388903
22172233333,-3.030742333
22213891667,-3.0326415
22255550000,-3.040167333
22297208333,-3.0423305
22338866667,-3.0453581
22380525000,-3.046648833
22422183333,-3.046600167
22463841667,-3.052306033
22505500000,-3.055650467
22547158333,-3.054521867
22588816667,-3.0623808
22630475000,-3.0644885
22672133333,-3.0717954
22713791667,-3.0657111
22755450000,-3.071514767
22797108333,-3.0733292
22838766667,-3.087392733
22880425000,-3.085149533
22922083333,-3.082916033
22963741667,-3.100856367
23005400000,-3.091666967
23047058333,-3.1021757
23088716667,-3.096435533
23130375000,-3.1129845
23172033333,-3.1112318
23213691667,-3.1146442
23255350000,-3.122335467
23297008333,-3.1163524
23338666667,-3.1351935
23380325000,-3.1257054
23421983333,-3.146586633
23463641667,-3.136072033
23505300000,-3.1469098
23546958333,-3.144513933
23588616667,-3.143809733
23630275000,-3.159267267
23671933333,-3.1402196
23713591667,-3.158047667
23755250000,-3.151690567
23796908333,-3.182178
23838566667,-3.167031433
23880225000,-3.166607367
23921883333,-3.172386333
23963541667,-3.1696236
24005200000,-3.1821611
24046858333,-3.1662674
24088516667,-3.193368433
24130175000,-3.1795295
24171833333,-3.192686267
24213491667,-3.1867237
24255150000,-3.190261467
24296808333,-3.186753367
24338466667,-3.195424567
24380125000,-3.203910833
24421783333,-3.1965328
24463441667,-3.199946233
24505100000,-3.189475233
24546758333,-3.202080233
24588416667,-3.198900533
24630075000,-3.210046967
24671733333,-3.211633367
24713391667,-3.209594567
24755050000,-3.2041718
24796708333,-3.2048196
24838366667,-3.208403667
24880025000,-3.2085938
24921683333,-3.2132922
24963341667,-3.2119301
25005000000,-3.217623867
25046658333,-3.213523
25088316667,-3.220202767
25129975000,-3.2173276
25171633333,-3.218738
25213291667,-3.219634
25254950000,-3.224075567
25296608333,-3.228823367
25338266667,-3.224303633
25379925000,-3.2356146
25421583333,-3.235230033
25463241667,-3.240202267
25504900000,-3.238643567
25546558333,-3.247813133
25588216667,-3.258556067
25629875000,-3.252930667
25671533333,-3.2674311
25713191667,-3.2728122
25754850000,-3.275149167
25796508333,-3.273757933
25838166667,-3.291123167
25879825000,-3.294030667
25921483333,-3.2927158
25963141667,-3.3043027
26004800000,-3.309627633
26046458333,-3.320336767
26088116667,-3.322579933
26129775000,-3.3389183
26171433333,-3.332757133
26213091667,-3.336821867
26254750000,-3.352775533
26296408333,-3.3493333
26338066667,-3.3550197
26379725000,-3.348241067
26421383333,-3.360535933
26463041667,-3.357453733
26504700000,-3.3721485
26546358333,-3.377366767
26588016667,-3.3721528
26629675000,-3.376046167
26671333333,-3.3779262
26712991667,-3.3833833
26754650000,-3.386497933
26796308333,-3.395615733
26837966667,-3.3870967
26879625000,-3.395906233
26921283333,-3.401824867
26962941667,-3.397893733
27004600000,-3.404114667
27046258333,-3.404679367
27087916667,-3.419281633
27129575000,-3.4142608
27171233333,-3.432177733
27212891667,-3.4259348
27254550000,-3.437399933
27296208333,-3.433063967
27337866667,-3.445434433
27379525000,-3.442812133
27421183333,-3.449405667
27462841667,-3.469594533
27504500000,-3.461906833
27546158333,-3.481031667
27587816667,-3.4651919
27629475000,-3.4865397
27671133333,-3.4734313
27712791667,-3.5006198
27754450000,-3.4951392
27796108333,-3.507146067
27837766667,-3.5061364
27879425000,-3.4952669
27921083333,-3.5094951
27962741667,-3.515507933
28004400000,-3.545581167
28046058333,-3.509621933
28087716667,-3.5431715
28129375000,-3.5350749
28171033333,-3.547103667
28212691667,-3.5447105
28254350000,-3.552440467
28296008333,-3.5654323
28337666667,-3.5428898
28379325000,-3.578618133
28420983333,-3.548437367
28462641667,-3.574684233
28504300000,-3.553309367
28545958333,-3.593469933
28587616667,-3.571466933
28629275000,-3.578411067
28670933333,-3.5963571
28712591667,-3.576140067
28754250000,-3.606649567
28795908333,-3.581944233
28837566667,-3.627704367
28879225000,-3.594575733
28920883333,-3.634692833
28962541667,-3.6116031
29004200000,-3.615204567
29045858333,-3.621292033
29087516667,-3.6136866
29129175000,-3.6270024
29170833333,-3.626811667
29212491667,-3.6614306
29254150000,-3.623100267
29295808333,-3.647241567
29337466667,-3.624106
29379125000,-3.659312967
29420783333,-3.640902033
29462441667,-3.654971133
29504100000,-3.658122467
29545758333,-3.663347567
29587416667,-3.6835703
29629075000,-3.6513287
29670733333,-3.691371433
29712391667,-3.661738167
29754050000,-3.696408633
29795708333,-3.6652964
29837366667,-3.696257333
29879025000,-3.690488967
29920683333,-3.682511333
29962341667,-3.694265667
30004000000,-3.693680233
30045658333,-3.734179133
30087316667,-3.688631867
30128975000,-3.725063267
30170633333,-3.699030067
30212291667,-3.728921
30253950000,-3.711476733
30295608333,-3.716689333
30337266667,-3.737593
30378925000,-3.714525
30420583333,-3.751380933
30462241667,-3.721229
30503900000,-3.741804533
30545558333,-3.7269993
30587216667,-3.742933967
30628875000,-3.742321
30670533333,-3.753301633
30712191667,-3.7766249
30753850000,-3.748309367
30795508333,-3.765748767
30837166667,-3.740478467
30878825000,-3.772286333
30920483333,-3.754175033
30962141667,-3.774594533
31003800000,-3.771081133
31045458333,-3.770327633
31087116667,-3.782925133
31128775000,-3.7661468
31170433333,-3.790185033
31212091667,-3.770979333
31253750000,-3.795157367
31295408333,-3.7817642
31337066667,-3.795392667
31378725000,-3.795665667
31420383333,-3.798604033
31462041667,-3.7949667
31503700000,-3.799732533
31545358333,-3.821359133
31587016667,-3.802921367
31628675000,-3.809976633
31670333333,-3.805479267
31711991667,-3.825265733
31753650000,-3.810461833
31795308333,-3.827156367
31836966667,-3.817855133
31878625000,-3.835599567
31920283333,-3.8439324
31961941667,-3.8265697
32003600000,-3.842849
32045258333,-3.823737767
32086916667,-3.844146967
32128575000,-3.833100333
32170233333,-3.870602767
32211891667,-3.8495497
32253550000,-3.8532532
32295208333,-3.856427367
32336866667,-3.861727733
32378525000,-3.8756875
32420183333,-3.8558266
32461841667,-3.875880433
32503500000,-3.8594932
32545158333,-3.884088433
32586816667,-3.8721199
32628475000,-3.870315067
32670133333,-3.8756239
32711791667,-3.891414967
32753450000,-3.905585367
32795108333,-3.8824009
32836766667,-3.893810767
32878425000,-3.887114133
32920083333,-3.906763233
32961741667,-3.902813033
33003400000,-3.906352933
33045058333,-3.902538933
33086716667,-3.905217467
33128375000,-3.924039033
33170033333,-3.908399567
33211691667,-3.920891667
33253350000,-3.914339767
33295008333,-3.918025033
33336666667,-3.9174122
33378325000,-3.9339922
33419983333,-3.9385663
33461641667,-3.927173233
33503300000,-3.933527567
33544958333,-3.939524233
33586616667,-3.9504736
33628275000,-3.9419859
33669933333,-3.950721067
33711591667,-3.945732867
33753250000,-3.9649434
33794908333,-3.966353967
33836566667,-3.9617466
33878225000,-3.971397
33919883333,-3.971191267
33961541667,-3.980041667
34003200000,-3.987520233
34044858333,-4.0009319
34086516667,-3.988604933
34128175000,-3.993066567
34169833333,-4.000145367
34211491667,-3.998085233
34253150000,-4.0060901
34294808333,-4.001521633
34336466667,-4.0151175
34378125000,-4.0076053
34419783333,-4.0197015
34461441667,-4.027007367
34503100000,-4.035364967
34544758333,-4.029052
34586416667,-4.0271922
34628075000,-4.063045
34669733333,-4.062122667
34711391667,-4.0528539
34753050000,-4.0430889
34794708333,-4.062698667
34836366667,-4.057101
34878025000,-4.060626167
34919683333,-4.063045733
34961341667,-4.0697549
35003000000,-4.080297633
35044658333,-4.066593167
35086316667,-4.070033067
35127975000,-4.0737535
35169633333,-4.079271
35211291667,-4.072422033
35252950000,-4.0977866
35294608333,-4.0875519
35336266667,-4.108976033
35377925000,-4.0971096
35419583333,-4.098419533
35461241667,-4.102379167
35502900000,-4.1143756
35544558333,-4.110809333
35586216667,-4.108622267
35627875000,-4.1179436
35669533333,-4.1118455
35711191667,-4.129754867
35752850000,-4.1239516
35794508333,-4.1348281
35836166667,-4.138596667
35877825000,-4.1419881
35919483333,-4.136038767
35961141667,-4.1405393
36002800000,-4.147297367
36044458333,-4.144635833
36086116667,-4.146396667
36127775000,-4.154408467
36169433333,-4.160639767
36211091667,-4.163260467
36252750000,-4.169072467
36294408333,-4.165048267
36336066667,-4.1644923
36377725000,-4.181779233
36419383333,-4.181567367
36461041667,-4.1884394
36502700000,-4.202593833
36544358333,-4.2006437
36586016667,-4.190375333
36627675000,-4.1889685
36669333333,-4.200195133
36710991667,-4.205466567
36752650000,-4.2053175
36794308333,-4.219467467
36835966667,-4.213487167
36877625000,-4.2290662
36919283333,-4.232773167
36960941667,-4.2316203
37002600000,-4.235267967
37044258333,-4.2317195
37085916667,-4.242148367
37127575000,-4.248024133
37169233333,-4.260632533
37210891667,-4.2414783
37252550000,-4.245598
37294208333,-4.249309233
37335866667,-4.2668085
37377525000,-4.265227167
37419183333,-4.260235467
37460841667,-4.262043467
37502500000,-4.2546091
37544158333,-4.277235167
37585816667,-4.274555067
37627475000,-4.285349533
37669133333,-4.282809433
37710791667,-4.2851896
37752450000,-4.290720133
37794108333,-4.2889797
37835766667,-4.293621533
37877425000,-4.295184133
37919083333,-4.305515933
37960741667,-4.295819567
38002400000,-4.309402467
38044058333,-4.297305733
38085716667,-4.2977465
38127375000,-4.303085
38169033333,-4.315759833
38210691667,-4.311611633
38252350000,-4.304389633
38294008333,-4.3183403
38335666667,-4.3237737
38377325000,-4.323800267
38418983333,-4.318783733
38460641667,-4.3185398
38502300000,-4.331012233
38543958333,-4.322496767
38585616667,-4.334183567
38627275000,-4.330112
38668933333,-4.3498017
38710591667,-4.338628467
38752250000,-4.343359633
38793908333,-4.3504402
38835566667,-4.3501479
38877225000,-4.349990533
38918883333,-4.3474342
38960541667,-4.354490133
39002200000,-4.356207033
39043858333,-4.3528544
39085516667,-4.3610201
39127175000,-4.3674331
39168833333,-4.366921467
39210491667,-4.3744647
39252150000,-4.364297233
39293808333,-4.3751761
39335466667,-4.383443167
39377125000,-4.3777914
39418783333,-4.403070133
39460441667,-4.396933867
39502100000,-4.406765633
39543758333,-4.404170067
39585416667,-4.401256867
39627075000,-4.411148233
39668733333,-4.410282933
39710391667,-4.4259766
39752050000,-4.412941433
39793708333,-4.431004033
39835366667,-4.414445733
39877025000,-4.429299367
39918683333,-4.442512233
39960341667,-4.439049733
40002000000,-4.4445184
40043658333,-4.444738067
40085316667,-4.448491267
40126975000,-4.451778267
40168633333,-4.471339567
40210291667,-4.4670739
40251950000,-4.4633044
40293608333,-4.476848933
40335266667,-4.473093333
40376925000,-4.479480267
40418583333,-4.4879301
40460241667,-4.4850211
40501900000,-4.486376767
40543558333,-4.487115233
40585216667,-4.494489033
40626875000,-4.493016733
40668533333,-4.494479833
40710191667,-4.5168815
40751850000,-4.505612867
40793508333,-4.5052786
40835166667,-4.509018733
40876825000,-4.517478333
40918483333,-4.5448222
40960141667,-4.5214068
41001800000,-4.525411933
41043458333,-4.528531367
41085116667,-4.5427761
41126775000,-4.5333382
41168433333,-4.544067867
41210091667,-4.5408128
41251750000,-4.547584667
41293408333,-4.567189233
41335066667,-4.540397633
41376725000,-4.587643467
41418383333,-4.553029533
41460041667,-4.575818867
41501700000,-4.561555533
41543358333,-4.583003867
41585016667,-4.5941372
41626675000,-4.575845067
41668333333,-4.611855667
41709991667,-4.571612
41751650000,-4.6159967
41793308333,-4.578394267
41834966667,-4.581841167
41876625000,-4.583863267
41918283333,-4.636031167
41959941667,-4.614110633
42001600000,-4.6204324
42043258333,-4.629279133
42084916667,-4.6428388
42126575000,-4.661338333
42168233333,-4.627006033
42209891667,-4.666752967
42251550000,-4.639257433
42293208333,-4.659960933
42334866667,-4.646123567
42376525000,-4.666671767
42418183333,-4.6652198
42459841667,-4.688709567
42501500000,-4.724998767
42543158333,-4.773788
42584816667,-4.8125092
42626475000,-4.755002333
42668133333,-4.735335533
42709791667,-4.7197234
42751450000,-4.775343267
42793108333,-4.8239501
42834766667,-4.923357467
42876425000,-4.962851833
42918083333,-4.9194312
42959741667,-4.875260033
43001400000,-4.822291533
43043058333,-4.7904237
43084716667,-4.7512636
43126375000,-4.754169933
43168033333,-4.717092367
43209691667,-4.7261262
43251350000,-4.715888333
43293008333,-4.7300159
43334666667,-4.734363867
43376325000,-4.7598936
43417983333,-4.782494533
43459641667,-4.769689733
43501300000,-4.774270233
43542958333,-4.761772167
43584616667,-4.7648996
43626275000,-4.759699533
43667933333,-4.7780617
43709591667,-4.769866633
43751250000,-4.774538833
43792908333,-4.766853833
43834566667,-4.7562324
43876225000,-4.754418867
43917883333,-4.7491948
43959541667,-4.755534
44001200000,-4.7587504
44042858333,-4.749451633
44084516667,-4.764737133
44126175000,-4.753959833
44167833333,-4.757532767
44209491667,-4.760367067
44251150000,-4.768530033
44292808333,-4.756170733
44334466667,-4.736998067
44376125000,-4.753932
44417783333,-4.7770845
44459441667,-4.793511067
44501100000,-4.784959133
44542758333,-4.7965272
44584416667,-4.780690033
44626075000,-4.785129233
44667733333,-4.781428333
44709391667,-4.778056767
44751050000,-4.784237533
44792708333,-4.774433767
44834366667,-4.7929214
44876025000,-4.7907173
44917683333,-4.795703067
44959341667,-4.7894883
45001000000,-4.7955087
45042658333,-4.7943279
45084316667,-4.806582133
45125975000,-4.803813133
45167633333,-4.808715333
45209291667,-4.818488767
45250950000,-4.8195532
45292608333,-4.836092467
45334266667,-4.847693933
45375925000,-4.888666
45417583333,-4.952087733
45459241667,-5.0622285
45500900000,-5.012085767
45542558333,-4.917093433
45584216667,-4.8842794
45625875000,-4.875167333
45667533333,-4.886909667
45709191667,-4.886672967
45750850000,-4.900845367
45792508333,-4.931934667
45834166667,-5.007202
45875825000,-5.040712033
45917483333,-4.9594892
45959141667,-4.9391265
46000800000,-4.929115467
46042458333,-4.939527667
46084116667,-4.9191057
46125775000,-4.922031733
46167433333,-4.944979533
46209091667,-4.931233233
46250750000,-4.948296533
46292408333,-4.9571344
46334066667,-4.9989122
46375725000,-4.975484833
46417383333,-4.990417
46459041667,-5.0193499
46500700000,-5.103956233
46542358333,-5.1747446
46584016667,-5.2382744
46625675000,-5.1375583
46667333333,-5.066196933
46708991667,-5.060840467
46750650000,-5.046278767
46792308333,-5.063477167
46833966667,-5.0442074
46875625000,-5.0588088
46917283333,-5.059690333
46958941667,-5.079799167
47000600000,-5.100830067
47042258333,-5.1620509
47083916667,-5.169784533
47125575000,-5.133586733
47167233333,-5.211441367
47208891667,-5.2678129
47250550000,-5.367931033
47292208333,-5.680749733
47333866667,-5.865011533
47375525000,-5.7910867
47417183333,-5.678757367
47458841667,-5.636578267
47500500000,-5.5460448
47542158333,-5.588630533
47583816667,-5.522060233
47625475000,-5.569073833
47667133333,-5.474444367
47708791667,-5.430151133
47750450000,-5.460959733
47792108333,-5.490248167
47833766667,-5.6514904
47875425000,-5.7807398
47917083333,-5.771983667
47958741667,-6.015669833
48000400000,-6.055078833
48042058333,-6.109444767
48083716667,-6.553458367
48125375000,-7.075461533
48167033333,-7.542881467
48208691667,-7.381894433
48250350000,-7.276818767
48292008333,-7.152826167
48333666667,-7.2423708
48375325000,-7.5678093
48416983333,-7.6642904
48458641667,-8.079418433
48500300000,-7.9184812
48541958333,-8.3694148
48583616667,-8.7346575
48625275000,-8.4253789
48666933333,-7.652312967
48708591667,-7.010496633
48750250000,-6.492093733
48791908333,-6.332145867
48833566667,-6.134615067
48875225000,-5.965454867
48916883333,-5.952394167
48958541667,-5.998177867
49000200000,-6.0446695
49041858333,-5.984216833
49083516667,-6.5162134
49125175000,-6.813180767
49166833333,-7.345377133
49208491667,-8.199670633
49250150000,-8.8580173
49291808333,-10.10240433
49333466667,-9.5490036
49375125000,-8.738077833
49416783333,-7.922264033
49458441667,-7.917089567
49500100000,-7.744612733
49541758333,-7.602680567
49583416667,-8.029116467
49625075000,-7.612841767
49666733333,-8.0866178
49708391667,-7.8572888
49750050000,-7.432028133
49791708333,-7.010827067
49833366667,-6.9909638
49875025000,-7.364508167
49916683333,-7.451783333
49958341667,-6.9260214
50000000000,-6.940123067
